name,domain,rank,style,subtype,attr,skill,defense,min,cost,expertises,expertises_mode,tags,flavor,target_label,target_html,effect_label,effect_html,surge1_n,surge1_html,surge2_n,surge2_html,rider_title,rider_html,rider_meta
Brace Now,spiritual,0,Leadership,Formation,Anima,Leadership,,2,,,any,"protection, support, mobility","<p>Shout a warning so one friend braces before the barrel rolls off the cart, the ladder slips, the drunk's fist lands, or the horse sidesteps into them. They take the hit, but they take it ready.</p><p>Not enough to stop the barrel, or to warn more than one person at a time.</p>",Target,Self or one willing ally within 2 units.,Effect,Trigger: An Action or Reaction would deal Damage to the target. Response (unopposed): Reduce that Damage by 1.,1,Reduce forced movement from that Action by 1 unit.,2,The target may move 1 unit toward you after the Action; self may move freely.,,,
Keep Your Eyes Up,spiritual,0,Leadership,Order,Presence,Leadership,,2,,,any,"protection, support, setup","<p>Warn one friend of a thrown bottle, a snapping rope, a pickpocket's hand, or a trap plate just before it matters, and point out where it came from. They get the moment they need to flinch the right way.</p><p>Not enough to warn a room or to see what you have not noticed yourself.</p>",Target,Self or one willing ally within 3 units.,Effect,"Trigger: An attack targets the creature from a source you detect, before rolling. Response (unopposed): Grant +1 to its targeted Defense against that attack.",1,Reveal the attacker's occupied space to the protected target.,2,The target becomes Rallied until the start of your next turn if the attack misses.,,,
Change the Approach,spiritual,1,Leadership,Order,Adaptability,Leadership,,2,1,"Tactics, Coordination",any,"mobility, protection, support","<p>Call one friend a step out of trouble as it comes to them: out of a drunk's reach, off the plank before the dock worker shoves past, away from the horse that has just noticed them. They move before the other side gets the chance.</p><p>Not enough to move someone who will not listen, or more than one person.</p>",Target,Self or one willing ally within 3 units.,Effect,Trigger: An enemy ends voluntary movement adjacent to the target. Response (unopposed): Move the target 1 unit along a clear path without triggering that enemy's movement Reactions.,1,Increase movement by 1 unit.,2,The target gains +1 Fortitude against that enemy until the start of your next turn.,,,
Close the Ranks,spiritual,1,Leadership,Formation,Anima,Leadership,,2,1,"Guardianship, Discipline",any,"protection, support, mobility","<p>Grab one friend who is about to be dragged: swept by a crowd, pulled toward the edge by a snagged rope, carried by a river current. Keep them with you and on their feet.</p><p>Not enough to hold against a cart or a bolting horse.</p>",Target,Self or one willing ally within 3 units.,Effect,Trigger: An Action or Reaction would push or pull the target. Response (unopposed): Reduce that movement by 2 units and grant +1 Fortitude against the triggering Action.,1,The target may move 1 unit toward another willing creature after the Action.,2,Reduce the Action's Damage to the target by 1.,,,
Rally Through the Breach,spiritual,1,Leadership,Standard,Presence,Leadership,,2,1,"Inspiration, Tactics",any,"setup, support, suppression","<p>When the punch misses, the trap snaps shut on nothing, or the tossed bottle shatters on the wall, use the moment: get one shaken friend moving toward the spot you called and put their nerve back.</p><p>Not enough to steady more than one person.</p>",Target,Self or one willing ally within 3 units of you and 1 unit of your rally point.,Effect,Trigger: An enemy Action misses that creature. Response (unopposed): Make it Rallied until the start of your next turn; it may move 1 unit toward the rally point.,1,Increase movement by 1 unit.,2,Suppress one ordinary morale-based Success Die penalty on the target until the start of your next turn.,,,
Not While I Stand,spiritual,1,Leadership,Vow,Anima,Leadership,,2,1,"Guardianship, Valor",any,"protection, support, suppression","<p>Step between one friend and what is coming: the thrown stone, the kick, the falling beam. You take some of it or all of it. Soften the hit for yourself the same way.</p><p>Not enough to shield more than one person, or stop something heavier than a man can stand under.</p>",Target,Self or an adjacent willing ally.,Effect,"Trigger: An Action or Reaction would deal Damage to the target. Response (unopposed): Reduce it by 1; if protecting an ally, you may take any remaining Damage in its place.",1,Resist 1 unit of forced movement from the triggering Action.,2,Suppress one Light Wound Condition's numerical penalties on yourself until the start of your next turn.,,,
Let Them See You Answer,spiritual,1,Leadership,Example,Presence,Leadership,Fortitude,2,1,"Provocation, Inspiration",any,"damage, support, counterattack",,Target,One enemy within melee Weapon Range.,Effect,"Trigger: The enemy misses you or an adjacent ally with an Action. Response: On success, deal 1 weapon Damage.",1,"After a hit, yourself or the missed ally may move 1 unit toward the target.",2,Make yourself or the missed ally Rallied until the start of your next turn.,,,
The Line Moves With Us,spiritual,2,Leadership,Formation,Adaptability,Leadership,,3,2,"Coordination, Guardianship",any,"protection, mobility, support","<p>When something big comes at the room, move yourself and one friend out of its path together: the scaffold toppling, the cart coming through the stall, the crowd breaking into a stampede, the wave over the rail. You go the same way at the same moment.</p><p>Not enough to move more than two people or outrun what is already on top of you.</p>",Target,"Self and one willing ally within 2 units, or self alone.",Effect,Trigger: An area Action is declared including at least one target. Response (unopposed): Each target moves 1 unit; recheck the area afterward.,1,One target moves 1 additional unit.,2,Each target still in the area reduces that Action's Damage by 1.,,,
"No Panic, Just Orders",spiritual,2,Leadership,Order,Anima,Leadership,,3,2,"Discipline, Tactics",any,"protection, suppression, support","<p>Cut the panic out of one person the moment it takes hold: the ferryman freezing mid-river, the guard about to run from a fire, the witness crumbling under a threat. They hear your voice and get back to work, and threats bounce off for now.</p><p>Not enough to calm a crowd or undo what frightened them.</p>",Target,Self or one willing ally within 4 units.,Effect,Trigger: An Action or Reaction imposes an ordinary mental or morale Condition on the target. Response (unopposed): Suppress that Condition until the start of your next turn; the target gains +1 Composure for that duration.,1,The target may move 1 unit toward you; self moves freely.,2,The target reduces its next incoming Damage by 1 until the start of your next turn.,,,
The Promise Holds,spiritual,2,Leadership,Vow,Anima,Leadership,,3,2,"Valor, Inspiration",any,"protection, suppression, support","<p>Keep a badly hurt friend from taking the next blow: the kick from the man standing over them, the rubble coming down, the second fall on a bad leg. You promised they would come home, and the promise takes the worst of it.</p><p>Not enough to close the wound, or to protect someone who was not already hurt.</p>",Target,Self or one willing ally within 3 units.,Effect,"Trigger: An Action or Reaction would cause Damage to the target while it has at least one Core Wound. Response (unopposed): Reduce the Damage by 2, without changing existing Wounds.",1,The target becomes Rallied until the start of your next turn.,2,Suppress one non-Critical Wound Condition's numerical penalties on the target until the start of your next turn.,,,
Return the Challenge,spiritual,2,Leadership,Example,Presence,Leadership,Fortitude,3,2,"Provocation, Valor",any,"damage, support, counterattack",,Target,One enemy within melee Weapon Range.,Effect,"Trigger: The enemy deals Damage to you with a melee Action. Response: After its Damage, on success deal 2 weapon Damage.",1,"On a hit, push the enemy 1 unit away from an adjacent ally, or from yourself.",2,Make yourself or one willing ally within 3 units Rallied until the start of your next turn.,,,
The Palm Against the Omen,spiritual,0,Ritualism,Ward,Anima,Ritualism,,2,,,any,"protection, suppression, support","<p>Catch a small harm as it falls: a stumble on the stair, a scald from the pot, a pup's bite, a thrown mug, a loose stone from the wall. The friend who takes it walks away with a bruise instead of a wound.</p><p>Not enough to turn a blade or a falling beam.</p>",Target,Self or one willing ally within 2 units.,Effect,Trigger: An Action or Reaction would deal Damage to the target. Response (unopposed): Reduce it by 1.,1,The target also resists 1 unit of forced movement from that Action.,2,Suppress one ordinary Condition imposed by that Action until the start of your next turn.,,,
The Needle Returns,spiritual,0,Ritualism,Hex,Adaptability,Ritualism,Harmony,2,,,any,"damage, debuff, counterattack",,Target,One enemy within 4 units.,Effect,"Trigger: The enemy misses you with an Action. Response: On success, deal 1 Necrotic Damage.",1,"On a hit, the target is Slowed 1 until the start of your next turn.",2,"On a hit, suppress 1 point of its ordinary accuracy bonuses until the start of your next turn.",,,
The Uncrossed Circle,spiritual,1,Ritualism,Ward,Anima,Ritualism,,2,1,"Consecration, Inscription",any,"protection, support","<p>Whoever stands inside a mark you laid is a hard target: the thrown bottle misses, the dog's lunge falls short, the guard's grab closes on air, the stone from the crowd goes wide. Only inside the circle.</p>",Target,Self or one willing ally within 3 units.,Effect,"Trigger: An attack targets the creature while it stands within 1 unit of one of your Rite anchors, before rolling. Response (unopposed): Grant +1 to its targeted Defense against that attack.",1,The creature resists up to 2 units of forced movement from the attack.,2,Reduce its Damage by 1 if it hits.,,,
A Curse Given Back,spiritual,1,Ritualism,Hex,Anima,Ritualism,Harmony,2,1,"Severance, Sympathy",any,"suppression, debuff, counterattack","<p>When a charm settles on you, shrug it off and send it home: the glamour fades, the sleep does not take, the fear lifts, and the one who sent it goes pale and shaky for the scene.</p><p>Not enough to break the working for good or protect anyone but yourself.</p>",Target,One enemy within 4 units.,Effect,"Trigger: The enemy imposes an ordinary magical Condition on you. Response: On success, suppress that Condition on yourself until the start of your next turn and give the enemy -1 Harmony for the same duration.",1,"On a hit, the enemy is Slowed 1 until the start of your next turn.",2,Deal 1 Necrotic Damage on a hit.,,,
The Page Turns Early,spiritual,1,Ritualism,Divination,Adaptability,Ritualism,,2,1,"Entreaty, Liturgy",any,"protection, mobility, support","<p>Read the next page a heartbeat early and pull a friend one step clear of the collapsing scaffold, the spreading fire, the net dropped from the rafters, the cart jumping the curb, the wave over the rail.</p>",Target,Self or one willing ally within 4 units.,Effect,Trigger: A detected enemy declares an area Action including the target. Response (unopposed): Move the target 1 unit; recheck the area afterward.,1,Increase movement by 1 unit.,2,"If still affected, give the target +1 to the targeted Defense against that Action.",,,
The Sigil Holds,spiritual,1,Ritualism,Imbuement,Anima,Ritualism,,2,1,"Inscription, Reagents",any,"protection, suppression, support","<p>Keep one person on their feet when the ground tries to take them: a rope snapping, ice underfoot, a river current, a crowd surge, a rearing horse, a trapdoor dropping open. They stay where they stood.</p><p>Not enough to hold a cart or save someone already falling.</p>",Target,Self or one willing ally within 3 units.,Effect,Trigger: An Action or Reaction would force the target to move or make it Prone. Response (unopposed): Reduce forced movement by 2 units and prevent that Prone effect.,1,Suppress an ordinary Poison penalty on the target until the start of your next turn.,2,Reduce the Action's Damage to the target by 1.,,,
The Unspent Candle,spiritual,1,Ritualism,Offering,Anima,Ritualism,,2,1,"Severance, Consecration",any,"protection, suppression, support","<p>Snuff a rite you have laid and spend it to take the edge off a blow: the beam that falls on a friend, the trap's blade, the kick of a mule, the fall from the loft. They are hurt less than they should be.</p>",Target,Self or one willing ally within 3 units.,Effect,Trigger: An Action or Reaction would deal Damage to the target. Response (unopposed): End one of your Rites to reduce that Damage by 2. Ending it this way cannot resolve an Echo.,1,The target may move 1 unit after the Action.,2,Suppress one Light Wound Condition's numerical penalties on the target until the start of your next turn.,,,
The Gate Refuses the Storm,spiritual,2,Ritualism,Ward,Anima,Ritualism,,3,2,"Consecration, Liturgy",any,"protection, support","<p>Stand one person through what should flatten them: a wall coming down, a wave over the deck, the edge of a stampede, a fall from the hayloft, a cart that does not stop. They come up bruised and still standing where they were. One friend beside them gets some of the same.</p><p>Not enough to shelter a crowd or stop the wall from falling.</p>",Target,Self or one willing ally within 4 units.,Effect,Trigger: An Action or Reaction would deal Damage to the target. Response (unopposed): Reduce it by 2 and resist 1 unit of forced movement from the Action.,1,Resist 1 additional unit.,2,An adjacent willing creature also reduces Damage from the same Action by 1.,,,
The Answer Hidden in the Spread,spiritual,2,Ritualism,Divination,Adaptability,Ritualism,,3,2,"Sympathy, Entreaty",any,"support, setup, mobility","<p>Read the spread a second time and a friend gets another try at a moment they fumbled: the lockpick that slipped, the jump that fell short, the toast that landed wrong, the knot tied in the wrong order. They must take the second answer.</p><p>Not enough to undo what has already happened or help more than one.</p>",Target,Self or one willing ally within 4 units.,Effect,"Trigger: The target rolls a Combat Card, before spending Surges. Response (unopposed): It may reroll one die and must use the new result, then recalculate its Success Die and generated Surges.",1,It may ignore one ordinary -1 Success Die penalty on that card.,2,"After that card, the target may move 1 unit. No additional Action is granted.",,,
The Seal Beneath the Scar,spiritual,2,Ritualism,Imbuement,Anima,Ritualism,,3,2,"Reagents, Inscription",any,"suppression, protection, support","<p>When a friend takes a bad hurt, a fall from the cliff, a bear's claw, a hand crushed under the cart, seal the pain so they can still climb, run, or hold on. The hurt is real and it stays.</p><p>Not enough to mend anything or hold off the pain past the scene.</p>",Target,Self or one willing ally within 4 units.,Effect,"Trigger: An Action or Reaction fills a Core Wound on the target. Response (unopposed): After recording the Wound, suppress that new Wound Condition's numerical penalties until the start of your next turn if non-Critical. The Wound remains.",1,The target resists 1 unit of any remaining forced movement from that Action.,2,It gains +1 Harmony against the next attack targeting it until the start of your next turn.,,,
The Last Coin Is Not Yours,spiritual,2,Ritualism,Offering,Adaptability,Ritualism,Harmony,3,2,"Severance, Sympathy",any,"damage, debuff, counterattack","<p>When someone breaks a mark you laid, scuffs the circle, tears down the charm, snuffs the candle, the breaking costs them: they sicken, go slow, lose the thread of what they were doing. The mark stays broken.</p><p>Not enough to kill or restore what they ruined.</p>",Target,One enemy within 5 units.,Effect,"Trigger: The enemy ends one of your Rites with an Action. Response: On success, deal 2 Necrotic Damage after that Action; the Rite remains ended.",1,"On a hit, suppress one ordinary magical Movement bonus on the enemy until the start of your next turn, up to 1 unit.",2,"On a hit, it is Distracted until the start of your next turn.",,,
"Little Sentinel, Warn Me",spiritual,0,Calling,Familiar,Adaptability,Calling,,2,,,any,"protection, information, support","<p>A chirp before the pickpocket's hand reaches your purse, a tug at the sleeve before a tile falls from the eaves, a hiss when the ground ahead is a snare, or a warning at the door before a knock lands. One small danger, seen one moment early.</p><p>Not enough to watch a whole street or warn you of what is still around the corner.</p>",Target,Self or one willing ally within 2 units.,Effect,"Trigger: An attack targets the creature from a source you detect, before rolling. Response (unopposed): Grant +1 to its targeted Defense against the attack.",1,Reveal the attacker's occupied space to the target.,2,"After the attack, the target may move 1 unit.",,,
"Mote of Mercy, Turn the Edge",spiritual,0,Calling,Sprite,Anima,Calling,,2,,,any,"protection, support","<p>Take the edge off a punch in a tavern, soften a fall down a short flight of stairs, blunt a nail through a boot, or keep a kitchen scald from blistering. One hurt made smaller.</p><p>Not enough to stop a fall from a roof, catch an arrow, or close a wound already made.</p>",Target,Self or one willing ally within 3 units.,Effect,Trigger: An Action or Reaction would deal Damage to the target. Response (unopposed): Reduce it by 1; this prevents harm rather than healing any injury.,1,The target resists 1 unit of forced movement from that Action.,2,Reduce the Damage by 1 more.,,,
"Hunting Brother, Answer the Bite",spiritual,1,Calling,Beast,Anima,Calling,Fortitude,2,1,"Vessel, Accord",any,"damage, control, counterattack",,Target,One enemy within 2 units.,Effect,"Trigger: The enemy damages you with a melee Action. Response: After that Damage, on success deal 1 Slashing Damage.",1,"After a hit, pull the target 1 unit.",2,Deal +1 Slashing Damage.,,,
"Pack Mother, Pull Them Clear",spiritual,1,Calling,Beast,Adaptability,Calling,,2,1,"Transference, Chorus",any,"protection, mobility, support","<p>Pull a friend out from under a falling scaffold, drag someone back from a cart that will not stop, yank a child clear of a snapped rope, or haul a companion out of a gas-filled cellar. One person moved out of harm's path.</p><p>Not enough to move a group, carry anyone far, or stop what was falling.</p>",Target,Self or one willing ally within 3 units.,Effect,"Trigger: An area Action is declared including the target. Response (unopposed): Move it 1 unit along a clear path, then recheck the area.",1,Increase movement by 1 unit.,2,"If still affected, grant +1 to its targeted Defense against that Action.",,,
"White Shroud, Swallow the Hex",spiritual,1,Calling,Phantom,Anima,Calling,,2,1,"Banishment, Anchoring",any,"protection, suppression, support","<p>Keep a charm from taking hold of a friend's mind, hold a hex off long enough to leave the house, keep a witch's mark from spreading for the scene, or let someone shrug off a cursed drink. The shroud takes the spell first.</p><p>Not enough to lift a curse already set, protect a group, or stop poison or a blade.</p>",Target,Self or one willing ally within 3 units.,Effect,Trigger: An Action or Reaction imposes an ordinary magical Condition on the target. Response (unopposed): Suppress that Condition until the start of your next turn.,1,The target gains +1 Harmony against the next attack targeting it until the start of your next turn.,2,The target reduces its next incoming Damage by 1 until the start of your next turn.,,,
"Unseen Guest, Undo Their Certainty",spiritual,1,Calling,Phantom,Presence,Calling,Composure,2,1,"Dominion, Transference",any,"protection, debuff, mobility","<p>Be a step to one side when a punch is thrown in a tavern, slip clear of a grab in a crowd, leave a guard pointing at the place you stood, or spoil a card sharp's throw at the moment they commit. One person's certainty, pulled out from under them.</p><p>Not enough to vanish, cross a room, or make anyone forget your face.</p>",Target,One detected enemy within 4 units.,Effect,"Trigger: The enemy declares a single-target Action against you, before rolling. Response: On success, impose -1 on its Success Die and move yourself 1 unit before its roll; recheck range.",1,"On a hit, its target space provides concealment afterward until the start of your next turn.",2,"On a hit, the enemy is Distracted after the Action until the start of your next turn.",,,
"Stone Brother, Take the Weight",spiritual,1,Calling,Golem,Anima,Calling,,2,1,"Anchoring, Vessel",any,"protection, support","<p>Stand under a falling sack of grain, hold your footing when a crowd surges, keep a friend upright when a horse barges past, or take a shove on a ledge without going over. Stone shoulders for one blow.</p><p>Not enough to stand under a collapsing wall, stop a cart, or hold against more than one push.</p>",Target,Self or one willing ally within 3 units.,Effect,Trigger: An Action or Reaction would deal physical Damage to the target. Response (unopposed): Reduce it by 1 and resist up to 2 units of forced movement from the same Action.,1,Prevent the Action's ordinary Prone effect.,2,Reduce its Damage by 1 more.,,,
"River King, Divide the Torrent",spiritual,2,Calling,Elemental,Anima,Calling,,3,2,"Anchoring, Banishment",any,"protection, suppression, support","<p>Walk a friend through a burning stable, hold a hand in forge fire for a moment, stand on an open hilltop in a lightning storm, pull someone out of ice water without the cold taking them, or wash acid out of a wound before it bites. The river stands between one person and the element.</p><p>Not enough to shelter a group, put out the fire, or outlast the whole storm.</p>",Target,Self or one willing ally within 4 units.,Effect,"Trigger: An Action or Reaction would deal Fire, Cold, Lightning or Acid Damage to the target. Response (unopposed): Reduce it by 2 and suppress one ordinary Burning or Poison Condition imposed by that Action until the start of your next turn.",1,The target may move 1 unit after the Action.,2,An adjacent willing creature also reduces Damage from that same Action by 1.,,,
"Thunder Sister, Answer the Intrusion",spiritual,2,Calling,Elemental,Presence,Calling,Fortitude,3,2,"Dominion, Chorus",any,"damage, area, counterattack","<p>Give a thief a jolt and a shove when they step up to your campfire uninvited, knock a drunk back from a friend's table, throw a door open against whoever leaned on it, or send a wolf yelping away from the picket line. The first one through gets the thunder.</p><p>Not enough to ward a whole camp, hurt anyone badly, or hold a door against a crowd.</p>",Target,One enemy within 5 units.,Effect,"Trigger: The enemy finishes voluntary movement adjacent to you or an ally within 2 units. Response: On success, deal 1 Lightning Damage and push it 1 unit.",1,Push it 1 additional unit.,2,Also attack a second enemy within 1 unit of the first with the same roll for 1 Lightning Damage.,,,
"Elder Shield, Remember the Watch",spiritual,2,Calling,Ancestor,Anima,Calling,,3,2,"Accord, Vessel",any,"protection, suppression, support","<p>Take the worst of a fall from a roof, walk a friend through a hail of stones, keep someone standing through a beating long enough to be dragged out, or let a hurt companion climb a cliff with their teeth set. The old ones take the hurt and the fear of it.</p><p>Not enough to mend anything, protect a group, or stop a wound from being a wound afterward.</p>",Target,Self or one willing ally within 4 units.,Effect,Trigger: An Action or Reaction would deal Damage to the target. Response (unopposed): Reduce it by 2. The target gains +1 Composure against pain until the start of your next turn.,1,"After the Action, the target may move 1 unit toward you; self moves freely.",2,Suppress one non-Critical Wound Condition's numerical penalties on the target until the start of your next turn.,,,
"Laughing Envoy, Change the Door",spiritual,2,Calling,Fey,Adaptability,Calling,,3,2,"Transference, Accord",any,"protection, mobility, support","<p>Move a friend across a room before a thrown bottle lands, put a companion on the far side of a doorway as it slams, step a child out of a horse's path, or pull someone off a collapsing stair onto solid floor. Two paces, through the Court's door, before the blow falls.</p><p>Not enough to pass through a wall, cross a street, or move anyone who does not want to go.</p>",Target,Self or one willing ally within 4 units.,Effect,"Trigger: An attack targets the creature, before rolling. Response (unopposed): Move it up to 2 units along a clear path; it gains +1 Fortitude against that attack. Recheck target validity afterward.",1,Ignore difficult terrain during the movement.,2,Swap it with another willing creature adjacent to its starting space instead; the new legal target receives the Fortitude bonus.,,,
